,Genus,species_richness,N,exploration_index
895,Sabicea,159,0.0,0.0
709,Oxypetalum,139,0.0,0.0
583,Manettia,127,0.0,0.0
1069,Urophyllum,126,0.0,0.0
413,Gonolobus,124,0.0,0.0
572,Macrocarpaea,121,0.0,0.0
849,Randia,116,0.0,0.0
299,Ditassa,113,0.0,0.0
60,Arachnothryx,104,0.0,0.0
604,Metastelma,99,0.0,0.0
378,Gaertnera,90,0.0,0.0
892,Rytigynia,81,0.0,0.0
466,Huernia,78,0.0,0.0
189,Chomelia,75,0.0,0.0
258,Cynanchica,74,0.0,0.0
528,Landolphia,62,0.0,0.0
103,Bertiera,57,0.0,0.0
618,Mitrasacme,55,0.0,0.0
812,Praravinia,50,0.0,0.0
927,Sebaea,50,0.0,0.0
754,Peponidium,48,0.0,0.0
548,Leptodermis,47,0.0,0.0
771,Philibertia,44,0.0,0.0
2,Acranthera,42,0.0,0.0
256,Cyclophyllum,42,0.0,0.0
77,Atractocarpus,40,0.0,0.0
580,Malanea,40,0.0,0.0
52,Anthospermum,39,0.0,0.0
711,Pachycarpus,39,0.0,0.0
70,Aspidoglossum,37,0.0,0.0
263,Danais,37,0.0,0.0
414,Gonzalagunia,37,0.0,0.0
320,Echidnopsis,36,0.0,0.0
850,Raphionacme,36,0.0,0.0
478,Ibatia,35,0.0,0.0
649,Neanotis,34,0.0,0.0
1049,Toxocarpus,34,0.0,0.0
569,Machaonia,32,0.0,0.0
1098,Xanthophytum,32,0.0,0.0
1001,Symbolanthus,31,0.0,0.0
1021,Tassadia,31,0.0,0.0
34,Amaracarpus,30,0.0,0.0
334,Empogona,30,0.0,0.0
497,Kadua,30,0.0,0.0
268,Declieuxia,29,0.0,0.0
306,Dolicholobium,29,0.0,0.0
399,Geophila,29,0.0,0.0
475,Hypobathrum,28,0.0,0.0
923,Scolosanthus,28,0.0,0.0
926,Scyphostelma,28,0.0,0.0
237,Craterispermum,27,0.0,0.0
515,Kohautia,27,0.0,0.0
108,Blepharodon,26,0.0,0.0
643,Myrmecodia,26,0.0,0.0
716,Pagamea,26,0.0,0.0
912,Schizoglossum,26,0.0,0.0
87,Baissea,25,0.0,0.0
327,Elaeagia,25,0.0,0.0
450,Hillia,25,0.0,0.0
494,Jobinia,25,0.0,0.0
989,Streblosa,25,0.0,0.0
363,Ferdinandusa,24,0.0,0.0
464,Houstonia,24,0.0,0.0
522,Lacmellea,24,0.0,0.0
802,Polysphaeria,24,0.0,0.0
561,Logania,23,0.0,0.0
712,Pachypodium,23,0.0,0.0
752,Pentopetia,23,0.0,0.0
204,Coccocypselum,22,0.0,0.0
238,Crawfurdia,22,0.0,0.0
354,Exochaenium,22,0.0,0.0
613,Minaria,22,0.0,0.0
769,Phialanthus,22,0.0,0.0
806,Porterandia,22,0.0,0.0
899,Saldinia,22,0.0,0.0
932,Sericanthe,22,0.0,0.0
1037,Thliphthisa,22,0.0,0.0
856,Retiniphyllum,21,0.0,0.0
891,Rutidea,21,0.0,0.0
894,Sabatia,21,0.0,0.0
964,Staelia,21,0.0,0.0
1087,Voyria,21,0.0,0.0
845,Quaqua,20,0.0,0.0
906,Schismatoclada,20,0.0,0.0
361,Faroa,19,0.0,0.0
575,Macroscepis,19,0.0,0.0
946,Sipanea,19,0.0,0.0
29,Alseis,18,0.0,0.0
62,Arcytophyllum,18,0.0,0.0
120,Bremeria,18,0.0,0.0
163,Catesbaea,18,0.0,0.0
252,Cuviera,18,0.0,0.0
282,Dictyanthus,18,0.0,0.0
289,Diodia,18,0.0,0.0
317,Duvalia,18,0.0,0.0
455,Hippotis,18,0.0,0.0
495,Joosia,18,0.0,0.0
704,Otiophora,18,0.0,0.0
723,Paracephaelis,18,0.0,0.0
391,Genianthus,17,0.0,0.0
484,Isidorea,17,0.0,0.0
620,Mitreola,17,0.0,0.0
689,Opercularia,17,0.0,0.0
864,Rhytidocaulon,17,0.0,0.0
890,Rustia,17,0.0,0.0
917,Schmidtottia,17,0.0,0.0
1078,Vangueriella,17,0.0,0.0
218,Coptosapelta,16,0.0,0.0
521,Lachnostoma,16,0.0,0.0
1094,Willughbeia,16,0.0,0.0
247,Crusea,15,0.0,0.0
448,Hexasepalum,15,0.0,0.0
950,Sisyranthus,15,0.0,0.0
182,Chilocarpus,14,0.0,0.0
292,Diplolepis,14,0.0,0.0
518,Kuepferia,14,0.0,0.0
574,Macropharynx,14,0.0,0.0
756,Perama,14,0.0,0.0
779,Phyllopentas,14,0.0,0.0
793,Platycarpum,14,0.0,0.0
969,Stathmostelma,14,0.0,0.0
37,Amphidasya,13,0.0,0.0
58,Appunia,13,0.0,0.0
143,Calyptranthera,13,0.0,0.0
298,Discospermum,13,0.0,0.0
303,Dolianthus,13,0.0,0.0
520,Kutchubaea,13,0.0,0.0
608,Micrechites,13,0.0,0.0
696,Orianthera,13,0.0,0.0
876,Rogiera,13,0.0,0.0
937,Sherbournia,13,0.0,0.0
963,Stachyarrhena,13,0.0,0.0
1008,Tachia,13,0.0,0.0
1054,Triainolepis,13,0.0,0.0
1057,Trichostachys,13,0.0,0.0
75,Astiella,12,0.0,0.0
404,Glossostelma,12,0.0,0.0
447,Hexaphylla,12,0.0,0.0
472,Hymenocoleus,12,0.0,0.0
609,Microloma,12,0.0,0.0
668,Neuburgia,12,0.0,0.0
823,Pseudolachnostoma,12,0.0,0.0
1048,Tournefortiopsis,12,0.0,0.0
81,Aulacocalyx,11,0.0,0.0
104,Bikkia,11,0.0,0.0
453,Hindsia,11,0.0,0.0
474,Hyperacanthus,11,0.0,0.0
763,Petalostelma,11,0.0,0.0
955,Sommera,11,0.0,0.0
981,Stevensia,11,0.0,0.0
1009,Tachiadenus,11,0.0,0.0
1016,Tapanhuacanga,11,0.0,0.0
1062,Tromotriche,11,0.0,0.0
1082,Villaria,11,0.0,0.0
27,Allomarkgrafia,10,0.0,0.0
79,Atrostemma,10,0.0,0.0
111,Bonyunia,10,0.0,0.0
161,Casasia,10,0.0,0.0
192,Chthamalia,10,0.0,0.0
549,Leptomischus,10,0.0,0.0
638,Multidentia,10,0.0,0.0
653,Nenax,10,0.0,0.0
666,Nertera,10,0.0,0.0
740,Payera,10,0.0,0.0
774,Phyllanthera,10,0.0,0.0
869,Riocreuxia,10,0.0,0.0
50,Anthorrhiza,9,0.0,0.0
146,Camptocarpus,9,0.0,0.0
222,Cordylostigma,9,0.0,0.0
272,Dentella,9,0.0,0.0
341,Erithalis,9,0.0,0.0
416,Greenea,9,0.0,0.0
443,Hemipogon,9,0.0,0.0
606,Meyna,9,0.0,0.0
753,Peplonia,9,0.0,0.0
781,Piaranthus,9,0.0,0.0
910,Schizocalyx,9,0.0,0.0
998,Suberanthus,9,0.0,0.0
41,Ancylobothrys,8,0.0,0.0
63,Argocoffeopsis,8,0.0,0.0
117,Brachytome,8,0.0,0.0
217,Coptophyllum,8,0.0,0.0
342,Ernodea,8,0.0,0.0
368,Fischeria,8,0.0,0.0
409,Gongronema,8,0.0,0.0
573,Macrocnemum,8,0.0,0.0
602,Mesechites,8,0.0,0.0
656,Neobracea,8,0.0,0.0
705,Otomeria,8,0.0,0.0
824,Pseudolithos,8,0.0,0.0
865,Rhytidostemma,8,0.0,0.0
947,Sipaneopsis,8,0.0,0.0
958,Sphinctanthus,8,0.0,0.0
962,Squamellaria,8,0.0,0.0
968,Stapeliopsis,8,0.0,0.0
976,Stenotis,8,0.0,0.0
1017,Tapeinostemon,8,0.0,0.0
1058,Tridentea,8,0.0,0.0
1085,Virectaria,8,0.0,0.0
1091,Warszewiczia,8,0.0,0.0
0,Achilleanthus,7,0.0,0.0
4,Acrosynanthus,7,0.0,0.0
15,Agouticarpa,7,0.0,0.0
36,Amphiasma,7,0.0,0.0
90,Barjonia,7,0.0,0.0
141,Calycosia,7,0.0,0.0
144,Cameraria,7,0.0,0.0
147,Canephora,7,0.0,0.0
156,Carpacoce,7,0.0,0.0
212,Condylocarpon,7,0.0,0.0
269,Deianira,7,0.0,0.0
403,Globulostylis,7,0.0,0.0
593,Mastixiodendron,7,0.0,0.0
614,Miraglossum,7,0.0,0.0
766,Phaeostemma,7,0.0,0.0
803,Polystemma,7,0.0,0.0
967,Stapelianthus,7,0.0,0.0
972,Stenaria,7,0.0,0.0
1002,Symphyllophyton,7,0.0,0.0
1074,Valantia,7,0.0,0.0
18,Airosperma,6,0.0,0.0
118,Bradea,6,0.0,0.0
128,Bullockia,6,0.0,0.0
178,Chamaepentas,6,0.0,0.0
283,Dictyophleba,6,0.0,0.0
367,Finlaysonia,6,0.0,0.0
369,Flagenium,6,0.0,0.0
371,Fockea,6,0.0,0.0
379,Galactophora,6,0.0,0.0
417,Greeniopsis,6,0.0,0.0
425,Gyrandra,6,0.0,0.0
481,Irlbachia,6,0.0,0.0
498,Kailarsenia,6,0.0,0.0
529,Larryleachia,6,0.0,0.0
675,Nostolachma,6,0.0,0.0
701,Orthopichonia,6,0.0,0.0
749,Pentasacme,6,0.0,0.0
807,Portlandia,6,0.0,0.0
813,Prepusa,6,0.0,0.0
961,Spongiosperma,6,0.0,0.0
974,Stenostelma,6,0.0,0.0
1064,Tweedia,6,0.0,0.0
48,Antherostele,5,0.0,0.0
55,Aoranthe,5,0.0,0.0
66,Artia,5,0.0,0.0
71,Aspidonepsis,5,0.0,0.0
99,Belonophora,5,0.0,0.0
109,Bobea,5,0.0,0.0
181,Chelonanthus,5,0.0,0.0
191,Chorisepalum,5,0.0,0.0
215,Conostomium,5,0.0,0.0
228,Couma,5,0.0,0.0
253,Cyanoneuron,5,0.0,0.0
271,Denscantia,5,0.0,0.0
284,Didymaea,5,0.0,0.0
287,Didymosalpinx,5,0.0,0.0
295,Dirichletia,5,0.0,0.0
304,Dolichocarpa,5,0.0,0.0
325,Edrastima,5,0.0,0.0
338,Epigynum,5,0.0,0.0
347,Eustegia,5,0.0,0.0
392,Geniostemon,5,0.0,0.0
401,Gleasonia,5,0.0,0.0
461,Homollea,5,0.0,0.0
519,Kupeantha,5,0.0,0.0
536,Laxoplumeria,5,0.0,0.0
567,Lygisma,5,0.0,0.0
589,Martensianthus,5,0.0,0.0
621,Mitriostigma,5,0.0,0.0
625,Monolluma,5,0.0,0.0
636,Mouretia,5,0.0,0.0
645,Myrmephytum,5,0.0,0.0
654,Neobertiera,5,0.0,0.0
663,Nephradenia,5,0.0,0.0
669,Neurocalyx,5,0.0,0.0
741,Pectinaria,5,0.0,0.0
762,Pervillaea,5,0.0,0.0
773,Phyllangium,5,0.0,0.0
796,Pleioceras,5,0.0,0.0
853,Razafimandimbisonia,5,0.0,0.0
908,Schizacme,5,0.0,0.0
930,Secondatia,5,0.0,0.0
965,Standleya,5,0.0,0.0
970,Steenisia,5,0.0,0.0
1007,Tacazzea,5,0.0,0.0
1019,Tarennella,5,0.0,0.0
1081,Vidalasia,5,0.0,0.0
14,Agathisanthemum,4,0.0,0.0
45,Anisopus,4,0.0,0.0
68,Asketanthera,4,0.0,0.0
80,Augusta,4,0.0,0.0
129,Bungarimba,4,0.0,0.0
150,Canthiumera,4,0.0,0.0
158,Carruthersia,4,0.0,0.0
166,Caudanthera,4,0.0,0.0
179,Chapelieria,4,0.0,0.0
188,Chloropetalum,4,0.0,0.0
211,Condaminea,4,0.0,0.0
225,Cosmibuena,4,0.0,0.0
241,Cristobalia,4,0.0,0.0
339,Epistemma,4,0.0,0.0
366,Fernelia,4,0.0,0.0
374,Fosbergia,4,0.0,0.0
384,Galopina,4,0.0,0.0
517,Kraussia,4,0.0,0.0
534,Laubertia,4,0.0,0.0
542,Lemyrea,4,0.0,0.0
544,Lepinia,4,0.0,0.0
598,Melanoxerus,4,0.0,0.0
629,Morilloa,4,0.0,0.0
644,Myrmeconauclea,4,0.0,0.0
730,Paralasianthus,4,0.0,0.0
731,Paranotis,4,0.0,0.0
750,Pentatropis,4,0.0,0.0
768,Pherotrichis,4,0.0,0.0
770,Phialiphora,4,0.0,0.0
777,Phyllocyclus,4,0.0,0.0
784,Picrophloeus,4,0.0,0.0
788,Pinochia,4,0.0,0.0
792,Planaltina,4,0.0,0.0
811,Pouchetia,4,0.0,0.0
827,Pseudomussaenda,4,0.0,0.0
909,Schizenterospermum,4,0.0,0.0
985,Stilpnophyllum,4,0.0,0.0
1033,Theligonum,4,0.0,0.0
1065,Tylodontia,4,0.0,0.0
1079,Vangueriopsis,4,0.0,0.0
35,Ambelania,3,0.0,0.0
43,Anemotrochus,3,0.0,0.0
46,Anisotoma,3,0.0,0.0
83,Austrochthamalia,3,0.0,0.0
84,Badusa,3,0.0,0.0
92,Bartonia,3,0.0,0.0
94,Batesanthus,3,0.0,0.0
96,Batopedina,3,0.0,0.0
105,Bisgoeppertia,3,0.0,0.0
135,Callipeltis,3,0.0,0.0
157,Carphalea,3,0.0,0.0
167,Celiantha,3,0.0,0.0
172,Cerberiopsis,3,0.0,0.0
175,Chaetostachydium,3,0.0,0.0
193,Cibirhiza,3,0.0,0.0
209,Colletoecema,3,0.0,0.0
227,Cosmostigma,3,0.0,0.0
230,Coutaportla,3,0.0,0.0
232,Coutareopsis,3,0.0,0.0
235,Cracosna,3,0.0,0.0
270,Dendrosipanea,3,0.0,0.0
280,Dibridsonia,3,0.0,0.0
333,Emplectanthus,3,0.0,0.0
357,Fadogiella,3,0.0,0.0
405,Glossostipula,3,0.0,0.0
423,Gymnemopsis,3,0.0,0.0
427,Gyrostipula,3,0.0,0.0
436,Hedythyrsus,3,0.0,0.0
444,Henriquezia,3,0.0,0.0
480,Involucrella,3,0.0,0.0
485,Isonema,3,0.0,0.0
490,Jaeschkea,3,0.0,0.0
514,Kochummenia,3,0.0,0.0
530,Larsenaikia,3,0.0,0.0
537,Lecananthus,3,0.0,0.0
555,Leucolophus,3,0.0,0.0
558,Limnosipanea,3,0.0,0.0
562,Lomatogoniopsis,3,0.0,0.0
576,Macrosphyra,3,0.0,0.0
584,Manostachya,3,0.0,0.0
586,Mantalania,3,0.0,0.0
596,Megacodon,3,0.0,0.0
622,Molongum,3,0.0,0.0
634,Motandra,3,0.0,0.0
658,Neohymenopogon,3,0.0,0.0
662,Neoschumannia,3,0.0,0.0
670,Neurotheca,3,0.0,0.0
686,Omiltemia,3,0.0,0.0
695,Oreosparte,3,0.0,0.0
698,Ornichia,3,0.0,0.0
714,Pacouria,3,0.0,0.0
720,Papuahoya,3,0.0,0.0
722,Paracarphalea,3,0.0,0.0
732,Parapentas,3,0.0,0.0
733,Parapodium,3,0.0,0.0
742,Pentacyphus,3,0.0,0.0
758,Periglossum,3,0.0,0.0
789,Pitardella,3,0.0,0.0
790,Pittoniotis,3,0.0,0.0
794,Plectaneia,3,0.0,0.0
810,Pottsia,3,0.0,0.0
829,Pseudopyxis,3,0.0,0.0
857,Rhabdadenia,3,0.0,0.0
879,Ronabea,3,0.0,0.0
887,Rubovietnamia,3,0.0,0.0
893,Saba,3,0.0,0.0
934,Shaferocharis,3,0.0,0.0
1022,Tavaresia,3,0.0,0.0
1023,Telectadium,3,0.0,0.0
1025,Temnadenia,3,0.0,0.0
1034,Thenardia,3,0.0,0.0
1039,Thoreauea,3,0.0,0.0
1043,Tintinnabularia,3,0.0,0.0
1059,Triflorensia,3,0.0,0.0
1096,Woodia,3,0.0,0.0
22,Aleisanthia,2,0.0,0.0
23,Aleisanthiopsis,2,0.0,0.0
26,Alleizettella,2,0.0,0.0
39,Amphistemon,2,0.0,0.0
44,Angadenia,2,0.0,0.0
73,Astephanus,2,0.0,0.0
78,Atractogyne,2,0.0,0.0
82,Australluma,2,0.0,0.0
86,Bahiella,2,0.0,0.0
88,Ballyanthus,2,0.0,0.0
113,Botryarrhena,2,0.0,0.0
121,Brenania,2,0.0,0.0
127,Buckollia,2,0.0,0.0
131,Byrsophyllum,2,0.0,0.0
133,Calciphila,2,0.0,0.0
136,Calochone,2,0.0,0.0
138,Calolisianthus,2,0.0,0.0
142,Calycosiphonia,2,0.0,0.0
160,Carvalhoa,2,0.0,0.0
187,Chlorocyathus,2,0.0,0.0
194,Cicendia,2,0.0,0.0
199,Cladoceras,2,0.0,0.0
201,Cleghornia,2,0.0,0.0
221,Cordylogyne,2,0.0,0.0
234,Cowiea,2,0.0,0.0
239,Cremaspora,2,0.0,0.0
250,Cubanola,2,0.0,0.0
281,Dichilanthe,2,0.0,0.0
285,Didymochlamys,2,0.0,0.0
314,Duplipetala,2,0.0,0.0
322,Ectadium,2,0.0,0.0
337,Ephippiocarpa,2,0.0,0.0
344,Euclinia,2,0.0,0.0
381,Galiniera,2,0.0,0.0
408,Gongreos,2,0.0,0.0
412,Goniostemma,2,0.0,0.0
421,Gymnanthera,2,0.0,0.0
441,Helictosperma,2,0.0,0.0
468,Hutchinsonia,2,0.0,0.0
471,Hylaea,2,0.0,0.0
482,Ischnolepis,2,0.0,0.0
499,Kajewskiella,2,0.0,0.0
500,Kamettia,2,0.0,0.0
501,Kanahia,2,0.0,0.0
502,Kanapia,2,0.0,0.0
505,Kelloggia,2,0.0,0.0
507,Kerianthera,2,0.0,0.0
511,Klackenbergia,2,0.0,0.0
532,Lathraeocarpa,2,0.0,0.0
539,Lehmanniella,2,0.0,0.0
545,Lepiniopsis,2,0.0,0.0
566,Ludekia,2,0.0,0.0
578,Maguireothamnus,2,0.0,0.0
585,Manothrix,2,0.0,0.0
591,Maschalodesme,2,0.0,0.0
592,Massularia,2,0.0,0.0
595,Mazaea,2,0.0,0.0
601,Merumea,2,0.0,0.0
607,Micrasepalum,2,0.0,0.0
627,Monsanima,2,0.0,0.0
637,Mucoa,2,0.0,0.0
640,Mussaendopsis,2,0.0,0.0
650,Neblinantha,2,0.0,0.0
651,Neblinathamnus,2,0.0,0.0
655,Neoblakea,2,0.0,0.0
657,Neocouma,2,0.0,0.0
660,Neomussaenda,2,0.0,0.0
674,Norrisia,2,0.0,0.0
679,Ochreinauclea,2,0.0,0.0
690,Ophionella,2,0.0,0.0
713,Pachystylus,2,0.0,0.0
717,Pagameopsis,2,0.0,0.0
725,Paracorynanthe,2,0.0,0.0
736,Patima,2,0.0,0.0
737,Pattalias,2,0.0,0.0
747,Pentanopsis,2,0.0,0.0
751,Pentodon,2,0.0,0.0
755,Perakanthus,2,0.0,0.0
775,Phyllis,2,0.0,0.0
780,Phylohydrax,2,0.0,0.0
786,Pinarophyllon,2,0.0,0.0
817,Pruskortizia,2,0.0,0.0
826,Pseudomiltemia,2,0.0,0.0
833,Pteralyxia,2,0.0,0.0
836,Ptycanthera,2,0.0,0.0
848,Ramosmania,2,0.0,0.0
858,Rhadinopus,2,0.0,0.0
873,Robbrechtia,2,0.0,0.0
875,Rogersonanthus,2,0.0,0.0
881,Roraimaea,2,0.0,0.0
885,Rovaeanthus,2,0.0,0.0
897,Sacleuxia,2,0.0,0.0
898,Sacosperma,2,0.0,0.0
911,Schizocolea,2,0.0,0.0
914,Schizostephanus,2,0.0,0.0
916,Schlechterella,2,0.0,0.0
925,Scyphostachys,2,0.0,0.0
929,Secamonopsis,2,0.0,0.0
931,Senaea,2,0.0,0.0
938,Sicyocarpus,2,0.0,0.0
943,Sinogentiana,2,0.0,0.0
948,Sipapoantha,2,0.0,0.0
978,Stephanostegia,2,0.0,0.0
984,Stigmatorhynchus,2,0.0,0.0
987,Stipularia,2,0.0,0.0
988,Stomatostemma,2,0.0,0.0
1011,Talayotea,2,0.0,0.0
1020,Tarennoidea,2,0.0,0.0
1029,Tessiera,2,0.0,0.0
1044,Tobagoa,2,0.0,0.0
1046,Topea,2,0.0,0.0
1063,Tulearia,2,0.0,0.0
1072,Vahadenia,2,0.0,0.0
1090,Wandersong,2,0.0,0.0
1113,× Orbelia,2,0.0,0.0
3,Acrobotrys,1,0.0,0.0
5,Acunaeanthus,1,0.0,0.0
6,Adelphacme,1,0.0,0.0
8,Adenolisianthus,1,0.0,0.0
9,Adenorandia,1,0.0,0.0
11,Adolphoduckea,1,0.0,0.0
17,Aidiopsis,1,0.0,0.0
19,Aitchisonia,1,0.0,0.0
28,Allowoodsonia,1,0.0,0.0
38,Amphineurion,1,0.0,0.0
42,Anechites,1,0.0,0.0
51,Anthospermopsis,1,0.0,0.0
56,Aphanocarpus,1,0.0,0.0
65,Aripuana,1,0.0,0.0
74,Asterostemma,1,0.0,0.0
76,Atherandra,1,0.0,0.0
85,Baharuia,1,0.0,0.0
89,Balmea,1,0.0,0.0
93,Baseonema,1,0.0,0.0
97,Baynesia,1,0.0,0.0
101,Benzonia,1,0.0,0.0
102,Berghesia,1,0.0,0.0
107,Blepharidium,1,0.0,0.0
110,Boholia,1,0.0,0.0
112,Bothriospora,1,0.0,0.0
119,Brargentina,1,0.0,0.0
124,Bridsonia,1,0.0,0.0
125,Bruceholstia,1,0.0,0.0
132,Caa,1,0.0,0.0
137,Calocrater,1,0.0,0.0
145,Campestigma,1,0.0,0.0
151,Capirona,1,0.0,0.0
152,Carajasia,1,0.0,0.0
159,Carterella,1,0.0,0.0
170,Ceratopyxis,1,0.0,0.0
176,Chalepophyllum,1,0.0,0.0
177,Chamaeclitandra,1,0.0,0.0
197,Cinchonopsis,1,0.0,0.0
198,Cionura,1,0.0,0.0
200,Clarkella,1,0.0,0.0
202,Clitandra,1,0.0,0.0
205,Coddia,1,0.0,0.0
206,Coelopyrena,1,0.0,0.0
213,Congolanthus,1,0.0,0.0
214,Conomitra,1,0.0,0.0
224,Coryphothamnus,1,0.0,0.0
226,Cosmocalyx,1,0.0,0.0
242,Crobylanthe,1,0.0,0.0
254,Cycladenia,1,0.0,0.0
257,Cylindropsis,1,0.0,0.0
261,Dalzielia,1,0.0,0.0
266,Decanema,1,0.0,0.0
267,Deccania,1,0.0,0.0
275,Dewevrella,1,0.0,0.0
276,Diacrodon,1,0.0,0.0
277,Diadorimia,1,0.0,0.0
278,Dialypetalanthus,1,0.0,0.0
279,Dibrachionostylus,1,0.0,0.0
286,Didymopogon,1,0.0,0.0
291,Dioicodendron,1,0.0,0.0
300,Ditrichanthus,1,0.0,0.0
302,Djaloniella,1,0.0,0.0
305,Dolichodelphys,1,0.0,0.0
307,Dolichometra,1,0.0,0.0
309,Dolichopetalum,1,0.0,0.0
310,Donnellyanthus,1,0.0,0.0
311,Duidania,1,0.0,0.0
313,Duperrea,1,0.0,0.0
316,Durringtonia,1,0.0,0.0
318,Duvaliandra,1,0.0,0.0
323,Ecua,1,0.0,0.0
324,Edithcolea,1,0.0,0.0
326,Eizia,1,0.0,0.0
328,Eleuthranthes,1,0.0,0.0
329,Elytropus,1,0.0,0.0
330,Emicocarpus,1,0.0,0.0
332,Emmeorhiza,1,0.0,0.0
336,Eosanthe,1,0.0,0.0
340,Eriosemopsis,1,0.0,0.0
343,Etericius,1,0.0,0.0
345,Eucorymbia,1,0.0,0.0
349,Everistia,1,0.0,0.0
350,Exaculum,1,0.0,0.0
353,Exallosperma,1,0.0,0.0
359,Fanninia,1,0.0,0.0
362,Farquharia,1,0.0,0.0
365,Fergusonia,1,0.0,0.0
370,Flexanthera,1,0.0,0.0
372,Foonchewia,1,0.0,0.0
383,Gallienia,1,0.0,0.0
385,Ganguelia,1,0.0,0.0
387,Gardeniopsis,1,0.0,0.0
398,Gentianothamnus,1,0.0,0.0
400,Gillespiea,1,0.0,0.0
402,Glionnetia,1,0.0,0.0
406,Gomphocalyx,1,0.0,0.0
415,Graciemoriana,1,0.0,0.0
420,Guihaiothamnus,1,0.0,0.0
426,Gyrostelma,1,0.0,0.0
428,Habroneuron,1,0.0,0.0
433,Harmandiella,1,0.0,0.0
434,Hedstromia,1,0.0,0.0
437,Heinsenia,1,0.0,0.0
439,Hekistocarpa,1,0.0,0.0
449,Heynella,1,0.0,0.0
456,Hockinia,1,0.0,0.0
457,Hodgkinsonia,1,0.0,0.0
460,Holstianthus,1,0.0,0.0
470,Hydrophylax,1,0.0,0.0
476,Hypolobus,1,0.0,0.0
477,Hyptianthera,1,0.0,0.0
487,Ixodonerium,1,0.0,0.0
489,Jackiopsis,1,0.0,0.0
491,Jamaicanthus,1,0.0,0.0
492,Janotia,1,0.0,0.0
496,Jovetia,1,0.0,0.0
503,Karina,1,0.0,0.0
506,Kerbera,1,0.0,0.0
508,Khasiaclunea,1,0.0,0.0
510,Kindia,1,0.0,0.0
512,Klossia,1,0.0,0.0
524,Lagenanthus,1,0.0,0.0
525,Lagenias,1,0.0,0.0
527,Landiopsis,1,0.0,0.0
533,Latouchea,1,0.0,0.0
535,Lavrania,1,0.0,0.0
538,Lecariocalyx,1,0.0,0.0
541,Lelya,1,0.0,0.0
543,Lepidostoma,1,0.0,0.0
551,Leptoscela,1,0.0,0.0
554,Leucocodon,1,0.0,0.0
557,Limahlania,1,0.0,0.0
559,Lintersemina,1,0.0,0.0
565,Lucya,1,0.0,0.0
568,Macbrideina,1,0.0,0.0
570,Maclaudia,1,0.0,0.0
577,Maguireocharis,1,0.0,0.0
579,Mahawoa,1,0.0,0.0
587,Margaretta,1,0.0,0.0
600,Mericarpaea,1,0.0,0.0
610,Microphysa,1,0.0,0.0
612,Microrphium,1,0.0,0.0
619,Mitrasacmopsis,1,0.0,0.0
623,Molopanthera,1,0.0,0.0
626,Monosalpinx,1,0.0,0.0
628,Morelia,1,0.0,0.0
631,Morindopsis,1,0.0,0.0
632,Mortoniella,1,0.0,0.0
635,Motleyothamnus,1,0.0,0.0
642,Myriopteron,1,0.0,0.0
646,Nargedia,1,0.0,0.0
648,Nautonia,1,0.0,0.0
652,Nematostylis,1,0.0,0.0
667,Nesohedyotis,1,0.0,0.0
671,Nichallea,1,0.0,0.0
672,Nodocarpaea,1,0.0,0.0
673,Normandia,1,0.0,0.0
676,Notechidnopsis,1,0.0,0.0
678,Obolaria,1,0.0,0.0
681,Octotropis,1,0.0,0.0
684,Oldenlandiopsis,1,0.0,0.0
685,Oligocodon,1,0.0,0.0
687,Oncinema,1,0.0,0.0
693,Oreonesion,1,0.0,0.0
694,Oreopolus,1,0.0,0.0
697,Orinoquia,1,0.0,0.0
703,Osa,1,0.0,0.0
706,Ottoschmidtia,1,0.0,0.0
718,Paganuccia,1,0.0,0.0
721,Papuechites,1,0.0,0.0
724,Parachimarrhis,1,0.0,0.0
726,Paragenipa,1,0.0,0.0
728,Parainvolucrella,1,0.0,0.0
729,Paraknoxia,1,0.0,0.0
745,Pentaloncha,1,0.0,0.0
759,Peripeplus,1,0.0,0.0
761,Peruviasclepias,1,0.0,0.0
765,Petitiocodon,1,0.0,0.0
767,Phellocalyx,1,0.0,0.0
772,Phuopsis,1,0.0,0.0
776,Phyllocrater,1,0.0,0.0
778,Phyllomelia,1,0.0,0.0
782,Picardaea,1,0.0,0.0
785,Pimentelia,1,0.0,0.0
787,Pinckneya,1,0.0,0.0
791,Placocarpa,1,0.0,0.0
797,Pleiocoryne,1,0.0,0.0
799,Plocaniophyllon,1,0.0,0.0
804,Polyura,1,0.0,0.0
805,Pomax,1,0.0,0.0
815,Preussiodora,1,0.0,0.0
818,Pseudaidia,1,0.0,0.0
819,Pseudocoptosperma,1,0.0,0.0
820,Pseudodiplospora,1,0.0,0.0
821,Pseudogalium,1,0.0,0.0
822,Pseudohamelia,1,0.0,0.0
825,Pseudomantalania,1,0.0,0.0
828,Pseudonesohedyotis,1,0.0,0.0
832,Pteleocarpa,1,0.0,0.0
834,Pteridocalyx,1,0.0,0.0
835,Pterygocalyx,1,0.0,0.0
837,Pubistylus,1,0.0,0.0
838,Puffia,1,0.0,0.0
839,Purdieanthus,1,0.0,0.0
840,Pycnobotrya,1,0.0,0.0
841,Pycnorhachis,1,0.0,0.0
842,Pycnosphaera,1,0.0,0.0
843,Pygmaeothamnus,1,0.0,0.0
846,Rachicallis,1,0.0,0.0
847,Ramonadoxa,1,0.0,0.0
851,Raritebe,1,0.0,0.0
859,Rhaphidura,1,0.0,0.0
861,Rhigospira,1,0.0,0.0
863,Rhyssolobium,1,0.0,0.0
867,Richtersveldia,1,0.0,0.0
870,Riodocea,1,0.0,0.0
871,Riparoampelos,1,0.0,0.0
872,Riqueuria,1,0.0,0.0
874,Robynsia,1,0.0,0.0
877,Roigella,1,0.0,0.0
878,Rojasia,1,0.0,0.0
884,Rotundanthus,1,0.0,0.0
896,Saccifolium,1,0.0,0.0
903,Sarcorrhiza,1,0.0,0.0
905,Schinziella,1,0.0,0.0
907,Schistonema,1,0.0,0.0
913,Schizomussaenda,1,0.0,0.0
921,Schwendenera,1,0.0,0.0
933,Seychellea,1,0.0,0.0
935,Shaolinchiana,1,0.0,0.0
939,Siemensia,1,0.0,0.0
941,Sindechites,1,0.0,0.0
945,Sinoswertia,1,0.0,0.0
949,Siphonandrium,1,0.0,0.0
952,Socotrella,1,0.0,0.0
957,Spermadictyon,1,0.0,0.0
960,Spirolobium,1,0.0,0.0
971,Stelmagonum,1,0.0,0.0
973,Stenosepala,1,0.0,0.0
977,Stephanococcus,1,0.0,0.0
979,Stephanostema,1,0.0,0.0
982,Steyermarkia,1,0.0,0.0
983,Stichianthus,1,0.0,0.0
986,Stipecoma,1,0.0,0.0
990,Streblosiopsis,1,0.0,0.0
993,Streptoechites,1,0.0,0.0
997,Stylosiphonia,1,0.0,0.0
999,Suberogerens,1,0.0,0.0
1003,Synaptantha,1,0.0,0.0
1010,Tainus,1,0.0,0.0
1013,Tammsia,1,0.0,0.0
1014,Tamridaea,1,0.0,0.0
1015,Tangshuia,1,0.0,0.0
1026,Temnocalyx,1,0.0,0.0
1027,Temnopteryx,1,0.0,0.0
1028,Tennantia,1,0.0,0.0
1030,Tetragonocarpus,1,0.0,0.0
1031,Tetrapollinia,1,0.0,0.0
1032,Thamnoldenlandia,1,0.0,0.0
1038,Thogsennia,1,0.0,0.0
1040,Thyrsanthella,1,0.0,0.0
1047,Tortuella,1,0.0,0.0
1051,Trailliaedoxa,1,0.0,0.0
1052,Tressensia,1,0.0,0.0
1053,Treutlera,1,0.0,0.0
1056,Trichosandra,1,0.0,0.0
1061,Tromlyca,1,0.0,0.0
1068,Urogentias,1,0.0,0.0
1070,Usteria,1,0.0,0.0
1073,Vailia,1,0.0,0.0
1088,Voyriella,1,0.0,0.0
1089,Vulcanoa,1,0.0,0.0
1093,White-sloanea,1,0.0,0.0
1095,Wittmackanthus,1,0.0,0.0
1099,Xantonneopsis,1,0.0,0.0
1102,Yanomamua,1,0.0,0.0
1104,Zonanthus,1,0.0,0.0
1105,Zuccarinia,1,0.0,0.0
1106,Zygostelma,1,0.0,0.0
1107,Zygostigma,1,0.0,0.0
1108,× Duvaliaranthus,1,0.0,0.0
1109,× Galiasperula,1,0.0,0.0
1110,× Hoodiapelia,1,0.0,0.0
1111,× Hoodiorbea,1,0.0,0.0
1112,× Hoodiotriche,1,0.0,0.0
1114,× Staparesia,1,0.0,0.0
1115,× Stapvalia,1,0.0,0.0
1116,× Tridentapelia,1,0.0,0.0
64,Argostemma,178,1.0,0.0056179775280898875
844,Pyrostria,76,1.0,0.013157894736842105
814,Prestonia,65,1.0,0.015384615384615385
918,Schradera,58,1.0,0.017241379310344827
880,Rondeletia,156,3.0,0.019230769230769232
677,Notopleura,103,2.0,0.019417475728155338
854,Remijia,43,1.0,0.023255813953488372
1055,Tricalysia,81,2.0,0.024691358024691357
273,Deppea,39,1.0,0.02564102564102564
1041,Timonius,194,5.0,0.02577319587628866
830,Psychotria,1633,44.0,0.02694427434170239
889,Ruehssia,130,4.0,0.03076923076923077
180,Chassalia,122,4.0,0.03278688524590164
546,Leptactina,27,1.0,0.037037037037037035
380,Galianthe,53,2.0,0.03773584905660377
959,Spigelia,96,4.0,0.041666666666666664
116,Bouvardia,57,3.0,0.05263157894736842
100,Benkara,19,1.0,0.05263157894736842
523,Ladenbergia,37,2.0,0.05405405405405406
69,Asperula,92,5.0,0.05434782608695652
12,Afrocanthium,17,1.0,0.058823529411764705
174,Ceropegia,450,27.0,0.06
560,Lisianthius,33,2.0,0.06060606060606061
393,Geniostoma,49,3.0,0.061224489795918366
373,Forsteronia,46,3.0,0.06521739130434782
419,Guettardella,29,2.0,0.06896551724137931
743,Pentagonia,43,3.0,0.06976744186046512
540,Leichhardtia,85,6.0,0.07058823529411765
321,Echites,14,1.0,0.07142857142857142
360,Faramea,190,14.0,0.07368421052631578
1103,Zeltnera,26,2.0,0.07692307692307693
297,Dischidia,127,10.0,0.07874015748031496
888,Rudgea,165,13.0,0.07878787878787878
351,Exacum,75,6.0,0.08
173,Ceriscoides,12,1.0,0.08333333333333333
469,Hydnophytum,57,5.0,0.08771929824561403
16,Aidia,56,5.0,0.08928571428571429
739,Pavetta,335,30.0,0.08955223880597014
32,Amaioua,11,1.0,0.09090909090909091
966,Stapelia,32,3.0,0.09375
682,Odontadenia,21,2.0,0.09523809523809523
738,Pauridiantha,51,5.0,0.09803921568627451
553,Lerchea,10,1.0,0.1
219,Coptosperma,19,2.0,0.10526315789473684
746,Pentanisia,19,2.0,0.10526315789473684
1092,Wendlandia,82,9.0,0.10975609756097561
488,Ixora,561,65.0,0.11586452762923351
1036,Thiollierea,17,2.0,0.11764705882352941
719,Palicourea,694,83.0,0.11959654178674352
1077,Vangueria,58,7.0,0.1206896551724138
590,Mascarenhasia,8,1.0,0.125
868,Ridsdalea,31,4.0,0.12903225806451613
641,Mycetia,54,7.0,0.12962962962962962
928,Secamone,130,17.0,0.13076923076923078
594,Matelea,231,31.0,0.1341991341991342
531,Lasianthus,267,37.0,0.13857677902621723
59,Apteranthes,7,1.0,0.14285714285714285
552,Leptostigma,7,1.0,0.14285714285714285
1101,Xysmalobium,40,6.0,0.15
210,Comastoma,19,3.0,0.15789473684210525
31,Alyxia,107,17.0,0.1588785046728972
582,Mandevilla,177,29.0,0.1638418079096045
216,Coprosma,121,21.0,0.17355371900826447
504,Keetia,39,7.0,0.1794871794871795
376,Funastrum,22,4.0,0.18181818181818182
808,Posoqueria,22,4.0,0.18181818181818182
465,Hoya,554,101.0,0.18231046931407943
581,Malouetia,32,6.0,0.1875
919,Schultesia,16,3.0,0.1875
315,Duroia,37,7.0,0.1891891891891892
831,Psydrax,96,19.0,0.19791666666666666
956,Spermacoce,291,58.0,0.19931271477663232
446,Heterostemma,45,9.0,0.2
95,Bathysa,10,2.0,0.2
356,Fadogia,39,8.0,0.20512820512820512
707,Oxyanthus,38,8.0,0.21052631578947367
458,Hoffmannia,113,25.0,0.22123893805309736
382,Galium,671,152.0,0.22652757078986588
149,Canthium,80,19.0,0.2375
435,Hedyotis,189,46.0,0.24338624338624337
900,Salzmannia,4,1.0,0.25
735,Parsonsia,86,23.0,0.26744186046511625
691,Ophiorrhiza,372,101.0,0.271505376344086
639,Mussaenda,183,50.0,0.273224043715847
418,Guettarda,145,40.0,0.27586206896551724
396,Gentianella,309,87.0,0.2815533980582524
683,Oldenlandia,164,50.0,0.3048780487804878
335,Enicostema,3,1.0,0.3333333333333333
571,Macoubea,3,1.0,0.3333333333333333
951,Skytanthus,3,1.0,0.3333333333333333
346,Eumachia,86,29.0,0.3372093023255814
229,Coussarea,122,45.0,0.36885245901639346
244,Crucianella,31,12.0,0.3870967741935484
692,Orbea,59,24.0,0.4067796610169492
616,Mitracarpus,67,28.0,0.417910447761194
246,Cruckshanksia,7,3.0,0.42857142857142855
513,Knoxia,13,6.0,0.46153846153846156
866,Richardia,17,8.0,0.47058823529411764
259,Cynanchum,262,128.0,0.48854961832061067
708,Oxyceros,12,6.0,0.5
91,Baroniella,10,5.0,0.5
190,Chonemorpha,10,5.0,0.5
700,Orthanthera,6,3.0,0.5
53,Antirhea,4,2.0,0.5
605,Mexotis,4,2.0,0.5
1080,Veratrilla,2,1.0,0.5
1018,Tarenna,192,97.0,0.5052083333333334
563,Lomatogonium,27,14.0,0.5185185185185185
358,Fagraea,65,34.0,0.5230769230769231
940,Simira,42,22.0,0.5238095238095238
809,Potalia,9,5.0,0.5555555555555556
975,Stenostomum,48,28.0,0.5833333333333334
123,Breonia,20,12.0,0.6
251,Curtia,10,6.0,0.6
438,Heinsia,5,3.0,0.6
953,Solenandra,21,13.0,0.6190476190476191
688,Oncinotis,8,5.0,0.625
20,Alafia,25,17.0,0.68
352,Exallage,18,13.0,0.7222222222222222
424,Gynochthodes,97,73.0,0.7525773195876289
588,Marsdenia,85,64.0,0.7529411764705882
153,Caralluma,31,24.0,0.7741935483870968
429,Halenia,67,53.0,0.7910447761194029
264,Debia,5,4.0,0.8
430,Hamelia,16,13.0,0.8125
901,Saprosma,44,37.0,0.8409090909090909
1045,Tocoyena,20,17.0,0.85
883,Rothmannia,23,20.0,0.8695652173913043
114,Boucerosia,8,7.0,0.875
207,Coelospermum,12,11.0,0.9166666666666666
1071,Utania,12,11.0,0.9166666666666666
509,Kibatalia,15,14.0,0.9333333333333333
748,Pentas,16,15.0,0.9375
1084,Vincetoxicum,262,258.0,0.9847328244274809
816,Prismatomeris,17,17.0,1.0
375,Frasera,15,15.0,1.0
233,Coutoubea,5,5.0,1.0
479,Ichnocarpus,3,3.0,1.0
1075,Vallaris,3,3.0,1.0
126,Buchozia,1,1.0,1.0
130,Burchellia,1,1.0,1.0
255,Cyclocotyla,1,1.0,1.0
301,Diyaminauclea,1,1.0,1.0
936,Sherardia,1,1.0,1.0
702,Orthosia,41,42.0,1.024390243902439
186,Chironia,25,26.0,1.04
184,Chiococca,22,23.0,1.0454545454545454
902,Sarcolobus,22,23.0,1.0454545454545454
715,Paederia,33,35.0,1.0606060606060606
1067,Urceola,21,24.0,1.1428571428571428
260,Cyrtophyllum,5,6.0,1.2
855,Rennellia,9,11.0,1.2222222222222223
395,Gentiana,353,434.0,1.2294617563739376
564,Luculia,4,5.0,1.25
661,Neonauclea,71,91.0,1.2816901408450705
473,Hymenodictyon,27,36.0,1.3333333333333333
115,Bousigonia,3,4.0,1.3333333333333333
140,Calycophyllum,11,15.0,1.3636363636363635
550,Leptopetalum,10,14.0,1.4
67,Asclepias,206,290.0,1.4077669902912622
727,Parahancornia,7,10.0,1.4285714285714286
798,Plocama,36,52.0,1.4444444444444444
24,Alibertia,15,22.0,1.4666666666666666
680,Ochrosia,44,65.0,1.4772727272727273
13,Aganosma,9,14.0,1.5555555555555556
265,Decalepis,5,8.0,1.6
397,Gentianopsis,21,35.0,1.6666666666666667
1060,Tripterospermum,34,57.0,1.6764705882352942
49,Anthocleista,16,27.0,1.6875
262,Damnacanthus,13,22.0,1.6923076923076923
633,Mostuea,10,17.0,1.7
355,Exostema,11,19.0,1.7272727272727273
1000,Swertia,166,288.0,1.7349397590361446
994,Strophanthus,39,68.0,1.7435897435897436
248,Cryptolepis,34,60.0,1.7647058823529411
72,Aspidosperma,79,140.0,1.7721518987341771
98,Beaumontia,9,16.0,1.7777777777777777
1097,Wrightia,33,59.0,1.7878787878787878
980,Stephanotis,15,28.0,1.8666666666666667
493,Jasminanthes,13,25.0,1.9230769230769231
223,Corynanthe,7,14.0,2.0
364,Feretia,3,6.0,2.0
122,Breonadia,1,2.0,2.0
236,Craspidospermum,1,2.0,2.0
312,Dunnia,1,2.0,2.0
331,Emmenopterys,1,2.0,2.0
526,Lamprothamnus,1,2.0,2.0
995,Strumpfia,1,2.0,2.0
168,Centaurium,29,60.0,2.0689655172413794
220,Cordiera,25,52.0,2.08
407,Gomphocarpus,20,42.0,2.1
1076,Vallesia,11,24.0,2.1818181818181817
274,Desmidorchis,14,31.0,2.2142857142857144
148,Canscora,15,34.0,2.2666666666666666
386,Gardenia,127,294.0,2.3149606299212597
483,Isertia,15,35.0,2.3333333333333335
422,Gymnema,52,128.0,2.4615384615384617
183,Chimarrhis,15,37.0,2.466666666666667
106,Blackstonia,4,10.0,2.5
319,Dyera,2,5.0,2.5
744,Pentalinon,2,5.0,2.5
1024,Telosma,9,23.0,2.5555555555555554
801,Pogonopus,3,8.0,2.6666666666666665
922,Scleromitrion,27,74.0,2.740740740740741
764,Petchia,8,22.0,2.75
852,Rauvolfia,77,213.0,2.7662337662337664
61,Araujia,13,36.0,2.769230769230769
294,Diplospora,23,65.0,2.8260869565217392
795,Pleiocarpa,7,20.0,2.857142857142857
996,Strychnos,204,591.0,2.8970588235294117
208,Coffea,132,385.0,2.9166666666666665
603,Metagentiana,12,36.0,3.0
245,Cruciata,9,27.0,3.0
308,Dolichopentas,4,12.0,3.0
33,Amalocalyx,1,3.0,3.0
293,Diplorhynchus,1,3.0,3.0
431,Hancornia,1,3.0,3.0
597,Melanopsidium,1,3.0,3.0
611,Microplumeria,1,3.0,3.0
165,Catunaregam,14,44.0,3.142857142857143
462,Hoodia,13,43.0,3.3076923076923075
288,Dimetia,10,35.0,3.5
710,Oxystelma,2,7.0,3.5
1042,Tinadendron,2,7.0,3.5
886,Rubia,88,321.0,3.647727272727273
452,Himatanthus,9,33.0,3.6666666666666665
134,Callichilia,6,22.0,3.6666666666666665
904,Schenkia,6,22.0,3.6666666666666665
40,Amsonia,16,59.0,3.6875
154,Carapichea,24,90.0,3.75
882,Rosenbergiodendron,4,15.0,3.75
47,Anodendron,17,65.0,3.823529411764706
410,Gongronemopsis,9,36.0,4.0
231,Coutarea,4,16.0,4.0
196,Cinchona,25,101.0,4.04
25,Allamanda,15,63.0,4.2
1086,Voacanga,17,72.0,4.235294117647059
1005,Tabernaemontana,126,558.0,4.428571428571429
377,Funtumia,2,9.0,4.5
411,Gonioma,2,9.0,4.5
451,Himalrandia,2,9.0,4.5
615,Mitchella,2,9.0,4.5
1,Acokanthera,5,23.0,4.6
992,Streptocaulon,5,23.0,4.6
1035,Thevetia,3,14.0,4.666666666666667
389,Geissospermum,5,24.0,4.8
440,Helia,8,39.0,4.875
21,Alberta,1,5.0,5.0
1004,Syringantha,1,5.0,5.0
7,Adenium,6,31.0,5.166666666666667
1066,Uncaria,38,200.0,5.2631578947368425
155,Carissa,10,55.0,5.5
169,Cephalanthus,6,33.0,5.5
920,Schumanniophyton,3,17.0,5.666666666666667
463,Hoppea,2,12.0,6.0
624,Mondia,2,12.0,6.0
862,Rhodopentas,2,12.0,6.0
486,Ixanthus,1,6.0,6.0
944,Sinomarsdenia,1,6.0,6.0
599,Melodinus,25,158.0,6.32
467,Hunteria,13,88.0,6.769230769230769
454,Hintonia,4,28.0,7.0
445,Heterophyllaea,2,14.0,7.0
699,Orphium,1,7.0,7.0
942,Singaporandia,1,7.0,7.0
1012,Tamilnadia,1,7.0,7.0
647,Nauclea,12,85.0,7.083333333333333
630,Morinda,39,287.0,7.358974358974359
296,Dischidanthus,2,15.0,7.5
388,Gardneria,5,38.0,7.6
760,Periploca,17,133.0,7.823529411764706
290,Dioecrescis,1,8.0,8.0
665,Nernstia,1,8.0,8.0
659,Neolamarckia,2,17.0,8.5
547,Leptadenia,5,43.0,8.6
195,Ciliosemina,2,18.0,9.0
54,Antonia,1,9.0,9.0
800,Plumeria,19,175.0,9.210526315789474
203,Coccochondra,4,38.0,9.5
394,Genipa,3,29.0,9.666666666666666
617,Mitragyna,10,100.0,10.0
1100,Xestaea,1,11.0,11.0
30,Alstonia,44,485.0,11.022727272727273
57,Apocynum,5,56.0,11.2
348,Eustoma,2,23.0,11.5
1006,Tabernanthe,2,23.0,11.5
1050,Trachelospermum,10,117.0,11.7
915,Schizozygia,1,12.0,12.0
10,Adina,12,145.0,12.083333333333334
556,Leuconotis,4,50.0,12.5
432,Haplophyton,2,25.0,12.5
171,Cerbera,6,77.0,12.833333333333334
991,Strempeliopsis,2,26.0,13.0
185,Chione,1,13.0,13.0
240,Crioceras,1,13.0,13.0
516,Kopsia,24,322.0,13.416666666666666
243,Crossopteryx,1,14.0,14.0
162,Cascabela,6,86.0,14.333333333333334
757,Pergularia,2,29.0,14.5
249,Cryptostegia,2,31.0,15.5
734,Parepigynum,1,16.0,16.0
783,Picralima,1,17.0,17.0
459,Holarrhena,5,95.0,19.0
924,Scyphiphora,1,20.0,20.0
1083,Vinca,7,159.0,22.714285714285715
442,Hemidesmus,1,23.0,23.0
139,Calotropis,3,73.0,24.333333333333332
860,Rhazya,2,62.0,31.0
164,Catharanthus,9,438.0,48.666666666666664
954,Solenostemma,1,51.0,51.0
390,Gelsemium,3,154.0,51.333333333333336
664,Nerium,1,126.0,126.0
